<?xml version="1.0"?>
<!--
/**
 *
 */
-->
<config xmlns:xsi="http://www.w3.org/2001/XMLSchema-instance"
		xsi:noNamespaceSchemaLocation="urn:magento:framework:ObjectManager/etc/config.xsd">
	<type name="Dfe\CrPayme\Logger\Handler\Exception">
		<arguments>
			<argument name="filesystem" xsi:type="object">Magento\Framework\Filesystem\Driver\File</argument>
		</arguments>
	</type>
	<type name="Dfe\CrPayme\Logger\Logger">
		<arguments>
			<argument name="name" xsi:type="string">paymecheckout</argument>
			<argument name="handlers" xsi:type="array">
				<item name="exception" xsi:type="object">Dfe\CrPayme\Logger\Handler\Exception</item>
				<item name="error" xsi:type="object">Dfe\CrPayme\Logger\Handler\Error</item>
			</argument>
		</arguments>
	</type>
	<virtualType name="Dfe\CrPayme\Model\Session\Storage" type="Magento\Framework\Session\Storage">
		<arguments>
			<argument name="namespace" xsi:type="string">paymecheckout</argument>
		</arguments>
	</virtualType>
	<type name="Dfe\CrPayme\Model\Session">
		<arguments>
			<argument name="storage" xsi:type="object">Dfe\CrPayme\Model\Session\Storage</argument>
		</arguments>
	</type>
</config>